Sample,X(ms) [11.04.2025 12:57:37 761 UTC],"CycleTimeMeasurement.CycleTimeInfo"
8,1744376253457.821096,12736000
9,1744376253474.836376,13135000
10,1744376253487.883736,13435000
11,1744376253500.988328,12598000
12,1744376253514.006064,12580000
13,1744376253527.045992,12573000
14,1744376253542.011056,12524000
15,1744376253555.238008,12710000
16,1744376253568.226992,12694000
17,1744376253581.261528,12502000
18,1744376253594.702168,12518000
19,1744376253609.703152,12604000
20,1744376253622.883080,12905000
21,1744376253635.866608,12648000
22,1744376253648.999136,12519000
23,1744376253664.074728,12603000
24,1744376253677.292440,12855000
25,1744376253690.290800,12658000
26,1744376253703.412992,12561000
27,1744376253716.306400,12603000
28,1744376253731.515816,12458000
29,1744376253744.535024,12897000
30,1744376253757.637264,12583000
31,1744376253770.602960,12602000
32,1744376253785.211928,12500000
33,1744376253800.654216,12639000
34,1744376253813.974096,13122000
35,1744376253827.084120,12663000
36,1744376253840.003488,12579000
37,1744376253855.267264,12496000
38,1744376253868.371504,13005000
39,1744376253881.451696,12636000
40,1744376253894.373984,12572000
41,1744376253908.588088,12483000
42,1744376253923.069384,12798000
43,1744376253936.117200,12964000
44,1744376253949.189896,12603000
45,1744376253962.107056,12567000
46,1744376253977.223168,12477000
47,1744376253990.337784,12749000
48,1744376254003.458872,12651000
49,1744376254016.389024,12569000
50,1744376254029.726848,12499000
51,1744376254044.886720,12605000
52,1744376254057.955240,12994000
53,1744376254071.035328,12608000
54,1744376254083.974688,12568000
55,1744376254099.063008,12489000
56,1744376254112.182392,12749000
57,1744376254125.220544,12642000
58,1744376254138.186944,12504000
59,1744376254151.300640,12530000
60,1744376254167.963184,12576000
61,1744376254181.141552,13087000
62,1744376254194.165160,12642000
63,1744376254207.286744,12590000
64,1744376254221.478176,12599000
65,1744376254235.884096,12702000
66,1744376254249.036712,12958000
67,1744376254262.919064,12630000
68,1744376254276.020848,12687000
69,1744376254291.323064,12614000
70,1744376254304.437632,13046000
71,1744376254317.441864,12615000
72,1744376254330.395424,12478000
73,1744376254344.459520,12518000
74,1744376254358.950880,12675000
75,1744376254372.006104,13018000
76,1744376254385.060512,12577000
77,1744376254398.198472,12548000
78,1744376254413.522024,12628000
79,1744376254426.605080,13006000
80,1744376254439.676720,12576000
81,1744376254452.667992,12599000
82,1744376254465.686200,12523000
83,1744376254481.062552,12501000
84,1744376254495.963216,12996000
85,1744376254509.174672,12934000
86,1744376254522.214208,12681000
87,1744376254537.355848,12574000
88,1744376254550.451408,12854000
89,1744376254563.451160,12605000
90,1744376254576.422352,12490000
91,1744376254589.429936,12452000
92,1744376254604.855168,12533000
93,1744376254617.986576,12940000
94,1744376254631.115968,12657000
95,1744376254644.026696,12611000
96,1744376254658.653264,12485000
97,1744376254672.443008,12762000
98,1744376254685.573216,12744000
99,1744376254698.597832,12621000
100,1744376254711.635848,12552000
101,1744376254727.014904,12553000
102,1744376254740.102320,13040000
103,1744376254753.173248,12647000
104,1744376254766.123648,12566000
105,1744376254779.684704,12480000
106,1744376254794.502336,12613000
107,1744376254807.780240,12920000
108,1744376254820.836448,12734000
109,1744376254833.723520,12530000
110,1744376254849.884472,12460000
111,1744376254863.942616,13105000
112,1744376254877.219432,12978000
113,1744376254890.203472,12745000
114,1744376254903.333680,12545000
115,1744376254918.860768,12546000
116,1744376254931.876784,13153000
117,1744376254944.885696,12582000
118,1744376254957.819848,12530000
119,1744376254973.110040,12476000
120,1744376254986.301176,12985000
121,1744376254999.430464,12680000
122,1744376255012.458792,12603000
123,1744376255025.492168,12532000
124,1744376255040.541208,12521000
125,1744376255053.715608,12777000
126,1744376255066.813032,12659000
127,1744376255079.787920,12572000
128,1744376255093.540736,12524000
129,1744376255108.125856,12630000
130,1744376255121.302528,12860000
131,1744376255134.291048,12630000
132,1744376255147.419176,12543000
133,1744376255162.831680,12603000
134,1744376255178.428416,12838000
135,1744376255191.516272,13287000
136,1744376255204.572632,12593000
137,1744376255217.686544,12592000
138,1744376255230.732824,12535000
139,1744376255246.103000,12580000
140,1744376255259.286896,13082000
141,1744376255272.213688,12666000
142,1744376255285.264456,12459000
143,1744376255299.820072,12539000
144,1744376255313.835704,12753000
145,1744376255326.962688,13007000
146,1744376255339.884080,12612000
147,1744376255352.966808,12493000
148,1744376255368.188208,12560000
149,1744376255381.445512,12928000
150,1744376255394.466888,12704000
151,1744376255407.733696,12583000
152,1744376255420.835160,12667000
153,1744376255433.803528,12588000
154,1744376255448.908328,12542000
155,1744376255461.908952,12699000
156,1744376255478.054808,12544000
157,1744376255493.629432,13137000
158,1744376255509.030296,13089000
159,1744376255522.149624,13101000
160,1744376255535.419680,12609000
161,1744376255548.390512,12686000
162,1744376255561.366944,12516000
163,1744376255576.635768,12459000
164,1744376255589.762792,13045000
165,1744376255604.619344,12642000
166,1744376255617.749352,12835000
167,1744376255634.013600,12603000
168,1744376255651.979824,13015000
169,1744376255669.933184,13507000
170,1744376255685.974376,13414000
171,1744376255701.478880,13169000
172,1744376255714.565792,13208000
173,1744376255727.692944,12632000
174,1744376255740.614888,12567000
175,1744376255754.949056,12464000
176,1744376255769.100816,12641000
177,1744376255782.123720,12906000
178,1744376255795.140672,12564000
179,1744376255809.996608,12536000
180,1744376255825.227008,12886000
181,1744376255838.300112,12867000
182,1744376255851.316480,12580000
183,1744376255864.211992,12510000
184,1744376255878.021792,12469000
185,1744376255892.590048,12602000
186,1744376255905.829656,12898000
187,1744376255918.949992,12675000
188,1744376255931.878648,12604000
189,1744376255946.939056,12507000
190,1744376255960.052800,12794000
191,1744376255973.114808,12648000
192,1744376255986.231104,12540000
193,1744376255999.291640,12634000
194,1744376256014.460720,12531000
195,1744376256027.638440,12929000
196,1744376256040.565408,12643000
197,1744376256053.590448,12495000
198,1744376256069.045904,12521000
199,1744376256083.062496,12900000
200,1744376256096.140936,12981000
201,1744376256109.265880,12613000
202,1744376256124.092888,12613000
203,1744376256139.403552,12838000
204,1744376256152.546824,13051000
205,1744376256165.627888,12647000
206,1744376256178.597288,12556000
207,1744376256191.659232,12497000
208,1744376256207.131864,12596000
209,1744376256220.294784,13077000
210,1744376256233.306776,12643000
211,1744376256246.229368,12507000
212,1744376256261.302624,12499000
213,1744376256274.572344,12816000
214,1744376256287.653360,12704000
215,1744376256300.667368,12580000
216,1744376256313.690936,12546000
217,1744376256326.661392,12535000
218,1744376256341.814760,12515000
219,1744376256355.012144,12861000
220,1744376256367.995344,12668000
221,1744376256381.066920,12509000
222,1744376256393.943024,12566000
223,1744376256407.078328,12442000
224,1744376256422.172728,12539000
225,1744376256437.020104,12862000
226,1744376256450.083768,12797000
227,1744376256463.126448,12601000
228,1744376256477.463048,12565000
229,1744376256491.926488,12841000
230,1744376256505.108464,13048000
231,1744376256518.119024,12655000
232,1744376256531.092952,12528000
233,1744376256546.230600,12499000
234,1744376256559.530880,12841000
235,1744376256572.586920,12748000
236,1744376256585.637304,12583000
237,1744376256598.706944,12553000
238,1744376256611.830280,12592000
239,1744376256627.125536,12632000
240,1744376256640.194592,12959000
241,1744376256653.372984,12615000
242,1744376256666.354488,12629000
243,1744376256679.819440,12523000
244,1744376256694.667480,12548000
245,1744376256707.860904,13040000
246,1744376256720.965608,12620000
247,1744376256733.878984,12586000
248,1744376256748.650600,12462000
249,1744376256763.756488,12690000
250,1744376256776.997208,12998000
251,1744376256789.942328,12699000
252,1744376256802.963992,12514000
253,1744376256815.926304,12502000
254,1744376256831.149008,12530000
255,1744376256844.196424,12865000
256,1744376256857.302112,12595000
257,1744376256870.278888,12585000
258,1744376256884.021008,12516000
259,1744376256898.718384,12579000
260,1744376256911.828672,12985000
261,1744376256924.946528,12609000
262,1744376256937.894440,12582000
263,1744376256950.922952,12509000
264,1744376256966.375008,12521000
265,1744376256980.347080,12935000
266,1744376256993.429264,12974000
267,1744376257006.469904,12592000
268,1744376257019.531240,12574000
269,1744376257034.598648,12546000
270,1744376257047.780552,12891000
271,1744376257062.381176,12658000
272,1744376257075.686056,12760000
273,1744376257088.709568,12606000
274,1744376257104.235312,12597000
275,1744376257117.477528,13156000
276,1744376257130.443184,12695000
277,1744376257143.450960,12534000
278,1744376257157.964720,12531000
279,1744376257172.122632,12667000
280,1744376257185.286976,12968000
281,1744376257198.277376,12626000
282,1744376257211.324832,12525000
283,1744376257226.652376,12565000
284,1744376257239.755016,12920000
285,1744376257252.835720,12596000
286,1744376257265.799016,12574000
287,1744376257279.579080,12504000
288,1744376257294.154760,12615000
289,1744376257307.367008,12844000
290,1744376257320.434880,12683000
291,1744376257333.476632,12594000
292,1744376257348.570656,12559000
293,1744376257361.723208,12888000
294,1744376257374.854616,12651000
295,1744376257387.818936,12583000
296,1744376257400.900784,12525000
297,1744376257417.597400,12515000
298,1744376257430.707752,13104000
299,1744376257443.735176,12660000
300,1744376257456.677368,12532000
301,1744376257469.701048,12486000
302,1744376257483.365416,12495000
303,1744376257498.332504,12681000
304,1744376257511.509312,13042000
305,1744376257524.466552,12688000
306,1744376257537.493464,12457000
307,1744376257552.557040,12528000
308,1744376257565.814224,12824000
309,1744376257578.901552,12682000
310,1744376257591.894312,12561000
311,1744376257605.061568,12573000
312,1744376257620.257840,12634000
313,1744376257633.474712,12877000
314,1744376257646.438744,12692000
315,1744376257659.557024,12493000
316,1744376257675.483720,12602000
317,1744376257690.669592,12771000
318,1744376257708.102016,13176000
319,1744376257725.727184,13207000
320,1744376257743.773072,13213000
321,1744376257761.997568,13428000
322,1744376257776.449168,13544000
323,1744376257789.597616,12935000
324,1744376257802.670016,12663000
325,1744376257817.968160,12595000
326,1744376257831.211776,12935000
327,1744376257844.112120,12701000
328,1744376257857.103888,12470000
329,1744376257872.944928,12482000
330,1744376257890.465336,13254000
331,1744376257905.025472,13164000
332,1744376257918.092136,12920000
333,1744376257931.100136,12599000
334,1744376257943.949480,12527000
335,1744376257959.232776,12405000
336,1744376257972.380000,12974000
337,1744376257985.486952,12648000
338,1744376257999.391592,12561000
339,1744376258016.430112,12583000
340,1744376258031.696088,13307000
341,1744376258044.942008,12929000
342,1744376258057.917696,12674000
343,1744376258071.038384,12514000
344,1744376258083.966240,12597000
345,1744376258100.879712,12467000
346,1744376258113.887208,13135000
347,1744376258131.377304,12547000
348,1744376258144.959152,13160000
349,1744376258160.382832,12708000
350,1744376258173.645920,13167000
351,1744376258186.604200,12717000
352,1744376258199.743584,12510000
353,1744376258212.668768,12604000
354,1744376258226.512976,12473000
355,1744376258243.745432,12613000
356,1744376258259.295752,13257000
357,1744376258272.382768,13052000
358,1744376258285.415000,12607000
359,1744376258300.654648,12530000
360,1744376258313.791088,12862000
361,1744376258326.848896,12577000
362,1744376258339.789632,12520000
363,1744376258352.828712,12512000
364,1744376258370.928384,12538000
365,1744376258386.429984,13315000
366,1744376258399.744432,13055000
367,1744376258412.685928,12736000
368,1744376258425.677488,12498000
369,1744376258438.622448,12444000
370,1744376258455.264248,12512000
371,1744376258468.592904,12918000
372,1744376258482.270880,12633000
373,1744376258499.537184,12731000
374,1744376258514.673784,13000000
375,1744376258527.788640,12846000
376,1744376258540.835888,12563000
377,1744376258553.743960,12573000
378,1744376258567.825496,12454000
379,1744376258582.316816,12717000
380,1744376258595.468408,13065000
381,1744376258612.095232,12657000
382,1744376258626.543304,12959000
383,1744376258639.664624,12863000
384,1744376258654.878840,12625000
385,1744376258667.917520,12862000
386,1744376258681.040784,12566000
387,1744376258693.965168,12612000
388,1744376258708.047464,12484000
389,1744376258724.720888,12705000
390,1744376258740.350192,13195000
391,1744376258753.502744,12974000
392,1744376258767.904808,12635000
393,1744376258784.302248,12730000
394,1744376258797.598336,13347000
395,1744376258810.542432,12756000
396,1744376258823.665064,12505000
397,1744376258837.473088,12565000
398,1744376258854.990272,12668000
399,1744376258870.206976,13166000
400,1744376258883.405392,12915000
401,1744376258896.414248,12674000
402,1744376258909.516856,12530000
403,1744376258922.544576,12579000
404,1744376258937.679496,12534000
405,1744376258950.858968,12860000
406,1744376258964.113072,12655000
407,1744376258981.807768,12630000
408,1744376258997.281200,13207000
409,1744376259013.406840,13165000
410,1744376259026.543992,12958000
411,1744376259039.631240,12645000
412,1744376259054.001960,12612000
413,1744376259068.080656,12759000
414,1744376259081.249456,12819000
415,1744376259098.942024,12657000
416,1744376259115.393328,13153000
417,1744376259129.565944,13067000
418,1744376259142.576032,12937000
419,1744376259155.680016,12568000
420,1744376259168.624096,12580000
421,1744376259181.776160,12462000
422,1744376259197.120272,12648000
423,1744376259211.950448,13018000
424,1744376259228.190296,12761000
425,1744376259241.371272,13007000
426,1744376259254.301920,12691000
427,1744376259267.344728,12476000
428,1744376259282.481544,12526000
429,1744376259295.566224,12917000
430,1744376259308.606344,12589000
431,1744376259321.665280,12568000
432,1744376259337.759704,12542000
433,1744376259355.088592,12904000
434,1744376259368.188952,13289000
435,1744376259381.251528,12624000
436,1744376259394.157672,12551000
437,1744376259407.439360,12476000
438,1744376259424.080768,12708000
439,1744376259437.253352,12965000
440,1744376259450.214232,12631000
441,1744376259466.000848,12500000
442,1744376259481.183752,12674000
443,1744376259496.513944,12966000
444,1744376259509.793128,13106000
445,1744376259522.845736,12737000
446,1744376259535.790376,12526000
447,1744376259548.812672,12501000
448,1744376259561.742080,12497000
449,1744376259577.966248,12508000
450,1744376259595.087616,12957000
451,1744376259608.271848,13414000
452,1744376259621.408304,12702000
453,1744376259634.398368,12617000
454,1744376259648.480520,12521000
455,1744376259663.855632,12715000
456,1744376259677.083144,13188000
457,1744376259689.999840,12689000
458,1744376259706.942056,12476000
459,1744376259723.182816,13078000
460,1744376259736.286240,12996000
461,1744376259751.391440,12596000
462,1744376259764.410968,13105000
463,1744376259777.467304,12580000
464,1744376259792.723520,12518000
465,1744376259805.982928,13016000
466,1744376259820.031344,12673000
467,1744376259837.009024,12684000
468,1744376259851.472744,13102000
469,1744376259865.647296,12864000
470,1744376259878.827160,12956000
471,1744376259891.773808,12653000
472,1744376259904.988112,12501000
473,1744376259920.113504,12645000
474,1744376259933.295192,12789000
475,1744376259949.953528,12685000
476,1744376259964.287336,13028000
477,1744376259977.451600,12879000
478,1744376259992.081920,12568000
479,1744376260005.982784,12824000
480,1744376260019.101456,12925000
481,1744376260032.013160,12589000
482,1744376260044.991488,12480000
483,1744376260061.742336,12472000
484,1744376260079.551472,12983000
485,1744376260092.975680,13194000
486,1744376260105.995784,12698000
487,1744376260119.130984,12526000
488,1744376260134.206848,12612000
489,1744376260147.436136,12838000
490,1744376260160.448624,12662000
491,1744376260173.567368,12565000
492,1744376260188.529872,12583000
493,1744376260206.830824,12792000
494,1744376260220.370104,13524000
495,1744376260233.469744,12690000
496,1744376260246.382352,12580000
497,1744376260259.386784,12456000
498,1744376260274.608224,12500000
499,1744376260287.791168,12908000
500,1744376260300.880536,12664000
501,1744376260315.438624,12562000
502,1744376260332.880680,12767000
503,1744376260347.136456,13051000
504,1744376260360.219352,12872000
505,1744376260375.184120,12633000
506,1744376260388.320112,12901000
507,1744376260403.617640,12671000
508,1744376260416.719088,13006000
509,1744376260430.250672,12658000
510,1744376260447.505792,12579000
511,1744376260462.675576,13008000
512,1744376260475.950760,12963000
513,1744376260489.040216,12637000
514,1744376260502.029992,12601000
515,1744376260515.117720,12519000
516,1744376260530.240312,12605000
517,1744376260543.339344,12825000
518,1744376260559.505856,12599000
519,1744376260575.423160,12942000
520,1744376260590.511760,13058000
521,1744376260603.805912,12794000
522,1744376260616.942008,12735000
523,1744376260630.016272,12614000
524,1744376260644.145240,12612000
525,1744376260658.494624,12774000
526,1744376260671.935888,12919000
527,1744376260689.744904,12707000
528,1744376260705.984760,13148000
529,1744376260720.462432,13200000
530,1744376260733.582320,13016000
531,1744376260746.525856,12602000
532,1744376260759.598528,12494000
533,1744376260774.689616,12536000
534,1744376260787.807000,12814000
535,1744376260801.903496,12597000
536,1744376260818.846216,12715000
537,1744376260833.921560,13177000
538,1744376260847.087000,12825000
539,1744376260860.107568,12615000
540,1744376260873.318032,12562000
541,1744376260886.183064,12673000
542,1744376260901.535896,12424000
543,1744376260914.620944,12979000
544,1744376260931.313568,12643000
545,1744376260945.455096,12818000
546,1744376260960.641200,12799000
547,1744376260973.917776,12938000
548,1744376260986.958704,12662000
549,1744376261000.560320,12555000
550,1744376261015.695536,12710000
551,1744376261030.543528,13106000
552,1744376261046.494904,12989000
553,1744376261061.790696,12998000
554,1744376261075.004448,13080000
555,1744376261089.968888,12672000
556,1744376261103.253176,12741000
557,1744376261116.155488,12740000
558,1744376261129.279704,12469000
559,1744376261143.986856,12593000
560,1744376261158.577168,12650000
561,1744376261175.647944,12896000
562,1744376261188.700272,13283000
563,1744376261202.518232,12611000
564,1744376261217.297560,12662000
565,1744376261230.445304,13041000
566,1744376261243.456112,12644000
567,1744376261256.401208,12524000
568,1744376261271.535288,12495000
569,1744376261288.624048,12857000
570,1744376261302.654096,13036000
571,1744376261317.665536,12848000
572,1744376261332.881728,12985000
573,1744376261345.965624,12938000
574,1744376261359.038728,12623000
575,1744376261371.982336,12541000
576,1744376261385.056536,12463000
577,1744376261401.934528,12570000
578,1744376261418.432120,13001000
579,1744376261431.599856,13216000
580,1744376261444.510288,12669000
581,1744376261460.370520,12482000
582,1744376261473.661672,12840000
583,1744376261486.638928,12715000
584,1744376261499.759688,12533000
585,1744376261513.613552,12601000
586,1744376261531.788432,12721000
587,1744376261546.351904,13542000
588,1744376261559.483600,12778000
589,1744376261572.493848,12603000
590,1744376261587.902872,12542000
591,1744376261601.200992,13098000
592,1744376261614.187448,12749000
593,1744376261627.279584,12535000
594,1744376261642.016160,12547000
595,1744376261659.632872,12668000
596,1744376261675.439648,13152000
597,1744376261688.510976,13133000
598,1744376261701.629416,12618000
599,1744376261714.687152,12587000
600,1744376261730.240272,12631000
601,1744376261743.388120,13115000
602,1744376261756.350720,12649000
603,1744376261769.391968,12509000
604,1744376261786.864936,12468000
605,1744376261802.847032,13144000
606,1744376261815.887344,12974000
607,1744376261829.007512,12603000
608,1744376261841.950208,12611000
609,1744376261855.022768,12525000
610,1744376261870.337200,12569000
611,1744376261883.533304,13002000
612,1744376261896.539952,12675000
613,1744376261913.885632,12534000
614,1744376261929.920312,13198000
615,1744376261943.072208,13192000
616,1744376261956.043024,12657000
617,1744376261970.876928,12499000
618,1744376261985.714672,12811000
619,1744376261999.568120,12908000
620,1744376262012.571120,12845000
621,1744376262029.040000,12564000
622,1744376262044.145432,13002000
623,1744376262058.910696,12944000
624,1744376262071.935760,12859000
625,1744376262085.067664,12552000
626,1744376262098.062088,12625000
627,1744376262113.311360,12528000
628,1744376262126.416824,12935000
629,1744376262141.136616,12592000
630,1744376262157.166496,12674000
631,1744376262171.822056,12889000
632,1744376262185.887016,12780000
633,1744376262199.054408,12912000
634,1744376262212.011248,12636000
635,1744376262225.084160,12515000
636,1744376262240.304408,12480000
637,1744376262253.494720,12998000
638,1744376262271.086792,12674000
639,1744376262286.192016,13064000
640,1744376262301.584464,13011000
641,1744376262314.635816,12970000
642,1744376262327.663688,12611000
643,1744376262340.656464,12493000
644,1744376262353.773552,12557000
645,1744376262369.729840,12616000
646,1744376262386.609296,12986000
647,1744376262401.121424,13255000
648,1744376262414.126200,12905000
649,1744376262429.377336,12561000
650,1744376262442.396952,12960000
651,1744376262455.520832,12560000
652,1744376262468.479624,12613000
653,1744376262482.531488,12485000
654,1744376262498.848568,12643000
655,1744376262515.071360,13267000
656,1744376262528.124552,12987000
657,1744376262541.149720,12583000
658,1744376262556.448600,12547000
659,1744376262569.628424,13035000
660,1744376262582.615184,12652000
661,1744376262595.662376,12500000
662,1744376262610.958256,12556000
663,1744376262628.644976,12971000
664,1744376262644.159592,13376000
665,1744376262657.420904,13102000
666,1744376262671.745376,12691000
667,1744376262685.810016,12679000
668,1744376262699.008096,12897000
669,1744376262711.951336,12662000
670,1744376262725.038144,12510000
671,1744376262741.889208,12545000
672,1744376262758.175264,13155000
673,1744376262771.327528,12923000
674,1744376262784.352792,12605000
675,1744376262799.583432,12550000
676,1744376262812.704400,12880000
677,1744376262825.759352,12664000
678,1744376262838.687488,12520000
679,1744376262851.663192,12497000
680,1744376262869.038768,12462000
681,1744376262884.958632,12962000
682,1744376262898.064944,13072000
683,1744376262911.166912,12598000
684,1744376262926.240264,12622000
685,1744376262939.343504,12766000
686,1744376262954.034352,12574000
687,1744376262967.279832,12730000
688,1744376262981.185104,12699000
689,1744376262998.944280,12662000
690,1744376263013.871176,13338000
691,1744376263026.988968,12892000
692,1744376263039.886568,12590000
693,1744376263055.038592,12466000
694,1744376263068.127008,12822000
695,1744376263081.231208,12597000
696,1744376263094.160520,12564000
697,1744376263108.047488,12493000
698,1744376263125.933568,12675000
699,1744376263141.038728,13220000
700,1744376263154.206848,13062000
701,1744376263167.294552,12680000
702,1744376263180.239320,12563000
703,1744376263195.537696,12486000
704,1744376263208.638024,13000000
705,1744376263221.744144,12619000
706,1744376263235.324696,12546000
707,1744376263253.201416,12656000
708,1744376263270.641664,13287000
709,1744376263283.820992,13127000
710,1744376263296.942728,12637000
711,1744376263309.887440,12606000
712,1744376263323.071728,12491000
713,1744376263338.478632,12670000
714,1744376263351.662184,13185000
715,1744376263366.606944,12664000
716,1744376263382.449800,12728000
717,1744376263397.791016,12972000
718,1744376263410.943088,13006000
719,1744376263423.919816,12636000
720,1744376263436.945216,12501000
721,1744376263449.902712,12541000
722,1744376263465.426040,12491000
723,1744376263479.254384,13010000
724,1744376263496.560648,12807000
725,1744376263509.789688,13235000
726,1744376263525.135920,12693000
727,1744376263538.193016,13004000
728,1744376263551.211784,12615000
729,1744376263564.160024,12500000
730,1744376263578.250336,12506000
731,1744376263593.667288,12666000
732,1744376263611.697048,13086000
733,1744376263625.823064,13403000
734,1744376263639.679768,12814000
735,1744376263654.431472,12717000
736,1744376263667.567936,13067000
737,1744376263680.622952,12618000
738,1744376263693.664328,12587000
739,1744376263708.975680,12547000
740,1744376263724.097544,13004000
741,1744376263740.223760,12876000
742,1744376263753.371840,13214000
743,1744376263768.320280,12623000
744,1744376263781.631928,12750000
745,1744376263794.688072,12742000
746,1744376263807.806304,12586000
747,1744376263820.895088,12584000
748,1744376263836.129312,12555000
749,1744376263853.920336,12793000
750,1744376263867.119480,13448000
751,1744376263880.081008,12658000
752,1744376263895.329000,12501000
753,1744376263910.337560,12929000
754,1744376263923.515728,13017000
755,1744376263936.449416,12609000
756,1744376263949.998536,12505000
757,1744376263967.903432,12588000
758,1744376263982.831920,13271000
759,1744376263995.819072,12868000
760,1744376264008.971056,12557000
761,1744376264024.193144,12623000
762,1744376264037.313152,12884000
763,1744376264050.269112,12617000
764,1744376264063.270896,12499000
765,1744376264078.018616,12528000
766,1744376264095.853704,12649000
767,1744376264109.822632,13365000
768,1744376264122.971224,12889000
769,1744376264136.685856,12606000
770,1744376264151.518968,12621000
771,1744376264165.567928,13095000
772,1744376264178.604800,12811000
773,1744376264191.631472,12563000
774,1744376264207.730112,12512000
775,1744376264225.599584,13083000
776,1744376264240.336496,13223000
777,1744376264253.499896,12970000
778,1744376264268.542376,12646000
779,1744376264281.680000,12761000
780,1744376264294.670312,12570000
781,1744376264307.759680,12557000
782,1744376264320.910296,12543000
783,1744376264334.560848,12635000
784,1744376264352.415104,12581000
785,1744376264367.535880,13487000
786,1744376264380.572064,12884000
787,1744376264393.661856,12568000
788,1744376264406.814168,12587000
789,1744376264421.907136,12560000
790,1744376264435.182016,12838000
791,1744376264448.155144,12700000
792,1744376264461.421672,12507000
793,1744376264478.685592,12551000
794,1744376264492.143848,12973000
795,1744376264507.615616,12685000
796,1744376264520.669616,13094000
797,1744376264533.741240,12586000
798,1744376264548.560464,12566000
799,1744376264563.871744,12869000
800,1744376264577.100688,13061000
801,1744376264593.425760,12682000
802,1744376264608.209776,12942000
803,1744376264623.200384,13058000
804,1744376264636.845616,12861000
805,1744376264649.932848,12752000
806,1744376264663.025176,12596000
807,1744376264676.048192,12608000
808,1744376264689.056976,12506000
809,1744376264705.200424,12516000
810,1744376264721.983784,12865000
811,1744376264735.148568,13040000
812,1744376264748.126328,12654000
813,1744376264762.449040,12518000
814,1744376264776.591632,12743000
815,1744376264789.678960,12884000
816,1744376264802.686568,12586000
817,1744376264815.714768,12522000
818,1744376264831.454320,12535000
819,1744376264849.181840,12773000
820,1744376264864.111024,13449000
821,1744376264877.356760,12915000
822,1744376264890.300352,12704000
823,1744376264903.388568,12499000
824,1744376264917.792848,12536000
825,1744376264931.969992,12812000
826,1744376264945.078592,12886000
827,1744376264962.046496,12624000
828,1744376264976.720464,12917000
829,1744376264991.361168,12883000
830,1744376265004.475208,12951000
831,1744376265017.582504,12633000
832,1744376265030.527992,12593000
833,1744376265043.486032,12511000
834,1744376265057.838968,12479000
835,1744376265075.311416,12737000
836,1744376265090.655120,13231000
837,1744376265103.885128,12922000
838,1744376265116.976912,12667000
839,1744376265132.366032,12571000
840,1744376265145.520560,13006000
841,1744376265158.639872,12668000
842,1744376265171.662120,12628000
843,1744376265187.358200,12508000
844,1744376265205.516784,12827000
845,1744376265220.078632,13414000
846,1744376265233.285824,12842000
847,1744376265246.192568,12654000
848,1744376265260.011864,12476000
849,1744376265274.638816,12632000
850,1744376265287.741304,12920000
851,1744376265300.805968,12569000
852,1744376265314.577928,12497000
853,1744376265331.871136,12718000
854,1744376265347.184504,13152000
855,1744376265360.331696,13046000
856,1744376265373.454696,12662000
857,1744376265386.414704,12596000
858,1744376265400.464064,12535000
859,1744376265415.215520,12772000
860,1744376265428.302120,13111000
861,1744376265444.271912,12614000
862,1744376265459.184608,12840000
863,1744376265472.285224,12949000
864,1744376265487.487320,12607000
865,1744376265500.589072,12839000
866,1744376265515.598656,12586000
867,1744376265528.621048,12995000
868,1744376265543.681384,12538000
869,1744376265559.326888,12924000
870,1744376265575.342160,13135000
871,1744376265588.402096,13109000
872,1744376265602.529536,12625000
873,1744376265617.217232,12697000
874,1744376265630.288008,13160000
875,1744376265643.293592,12577000
876,1744376265656.268328,12521000
877,1744376265669.308152,12498000
878,1744376265686.305336,12527000
879,1744376265702.430888,12921000
880,1744376265715.548008,12989000
881,1744376265728.608936,12624000
882,1744376265741.662728,12561000
883,1744376265754.672528,12573000
884,1744376265770.177416,12546000
885,1744376265783.334960,13129000
886,1744376265796.359176,12630000
887,1744376265813.312168,12566000
888,1744376265830.976496,13055000
889,1744376265844.189016,13351000
890,1744376265857.292856,12701000
891,1744376265870.287192,12575000
892,1744376265883.350912,12525000
893,1744376265896.368736,12559000
894,1744376265911.728384,12540000
895,1744376265927.486208,12973000
896,1744376265942.822328,13020000
897,1744376265955.951288,12841000
898,1744376265970.063600,12664000
899,1744376265985.374672,12819000
900,1744376265998.493152,12945000
901,1744376266011.565824,12620000
902,1744376266024.577016,12562000
903,1744376266037.566280,12546000
904,1744376266054.956304,12507000
905,1744376266071.102464,13076000
906,1744376266084.174952,13264000
907,1744376266097.294288,12611000
908,1744376266110.317640,12587000
909,1744376266123.452064,12569000
910,1744376266138.725352,12627000
911,1744376266153.710512,12813000
912,1744376266167.869368,13152000
913,1744376266184.990104,12823000
914,1744376266200.068032,13301000
915,1744376266213.252496,12834000
916,1744376266226.365096,12647000
917,1744376266239.485744,12580000
918,1744376266252.400160,12638000
919,1744376266265.456400,12466000
920,1744376266280.591328,12538000
921,1744376266297.232800,12953000
922,1744376266311.681528,12971000
923,1744376266324.843512,12811000
924,1744376266337.773352,12621000
925,1744376266351.488928,12503000
926,1744376266366.130016,12544000
927,1744376266379.391072,13001000
928,1744376266392.262712,12750000
929,1744376266406.463112,12445000
930,1744376266424.419752,12747000
931,1744376266439.214936,13348000
932,1744376266452.286576,13032000
933,1744376266467.169488,12599000
934,1744376266480.318888,12894000
935,1744376266495.136808,12664000
936,1744376266508.640336,12671000
937,1744376266521.678032,12858000
938,1744376266536.272640,12491000
939,1744376266552.542704,12822000
940,1744376266565.709416,12914000
941,1744376266581.040648,12630000
942,1744376266594.126392,13054000
943,1744376266607.343312,12651000
944,1744376266620.366016,12666000
945,1744376266635.394672,12539000
946,1744376266648.892176,12876000
947,1744376266666.080168,12780000
948,1744376266680.047384,13168000
949,1744376266693.168888,12887000
950,1744376266706.175080,12636000
951,1744376266721.359416,12527000
952,1744376266734.462248,12883000
953,1744376266747.440760,12638000
954,1744376266760.351184,12493000
955,1744376266775.056432,12462000
956,1744376266793.233912,12817000
957,1744376266809.056736,13492000
958,1744376266822.156416,12898000
959,1744376266835.201376,12604000
960,1744376266848.110304,12558000
961,1744376266864.302168,12448000
962,1744376266877.468696,13109000
963,1744376266890.384168,12627000
964,1744376266903.531024,12483000
965,1744376266920.607072,12598000
966,1744376266936.703360,12988000
967,1744376266949.869184,13231000
968,1744376266962.911456,12618000
969,1744376266975.998888,12561000
970,1744376266989.073024,12535000
971,1744376267002.079448,12594000
972,1744376267017.231184,12519000
973,1744376267032.657104,12863000
974,1744376267048.399536,12951000
975,1744376267061.517368,13101000
976,1744376267074.543472,12622000
977,1744376267089.327304,12543000
978,1744376267104.927720,12887000
979,1744376267117.950984,13136000
980,1744376267131.055664,12548000
981,1744376267144.463120,12590000
982,1744376267162.145512,12572000
983,1744376267177.873192,13226000
984,1744376267191.019544,12981000
985,1744376267204.033248,12649000
986,1744376267217.136384,12540000
987,1744376267232.320784,12589000
988,1744376267245.501736,12856000
989,1744376267258.480528,12670000
990,1744376267271.519600,12521000
991,1744376267289.135112,12524000
992,1744376267303.471936,13308000
993,1744376267318.112512,12869000
994,1744376267331.212752,12960000
995,1744376267344.159576,12586000
996,1744376267357.135856,12508000
997,1744376267370.061616,12464000
998,1744376267385.312632,12471000
999,1744376267401.293008,12984000
1000,1744376267416.289168,12991000
1001,1744376267429.403128,12803000
1002,1744376267443.551432,12592000
1003,1744376267459.629912,12745000
1004,1744376267472.733472,13299000
1005,1744376267485.837728,12624000
1006,1744376267498.943544,12559000
1007,1744376267512.880584,12583000
1008,1744376267530.322088,12586000
1009,1744376267545.375016,13085000
1010,1744376267558.460024,12941000
1011,1744376267571.536088,12626000
1012,1744376267584.524264,12558000
1013,1744376267599.084864,12534000
1014,1744376267613.254968,12851000
1015,1744376267626.383280,12991000
1016,1744376267640.127088,12617000
1017,1744376267657.791888,12617000
1018,1744376267672.833368,13310000
1019,1744376267685.964008,12927000
1020,1744376267699.086344,12665000
1021,1744376267712.076632,12599000
1022,1744376267725.214336,12557000
1023,1744376267740.111912,12592000
1024,1744376267753.358760,12737000
1025,1744376267769.742808,12694000
1026,1744376267787.231152,12976000
1027,1744376267802.306528,13196000
1028,1744376267815.728576,13000000
1029,1744376267828.734248,12695000
1030,1744376267841.760304,12553000
1031,1744376267854.671376,12490000
1032,1744376267869.839688,12459000
1033,1744376267883.023024,12827000
1034,1744376267899.196000,12660000
1035,1744376267914.288480,13008000
1036,1744376267929.567048,13089000
1037,1744376267942.635768,12914000
1038,1744376267955.757480,12586000
1039,1744376267968.909680,12624000
1040,1744376267981.965128,12640000
1041,1744376267997.455456,12570000
1042,1744376268012.335816,13143000
1043,1744376268028.364976,12889000
1044,1744376268041.515080,12857000
1045,1744376268056.592600,12651000
1046,1744376268069.773224,12895000
1047,1744376268082.811616,12658000
1048,1744376268097.648208,12509000
1049,1744376268112.881328,12908000
1050,1744376268127.070616,13027000
1051,1744376268144.127976,12825000
1052,1744376268157.423472,13095000
1053,1744376268171.775600,12747000
1054,1744376268185.937376,12716000
1055,1744376268199.134984,12949000
1056,1744376268212.125784,12667000
1057,1744376268225.279312,12558000
1058,1744376268240.384680,12567000
1059,1744376268257.198320,12843000
1060,1744376268271.520592,13141000
1061,1744376268284.588336,12827000
1062,1744376268299.056392,12603000
1063,1744376268313.230880,12788000
1064,1744376268326.270464,12999000
1065,1744376268339.270224,12560000
1066,1744376268352.142208,12520000
1067,1744376268368.687704,12416000
1068,1744376268385.278016,13072000
1069,1744376268398.445200,12955000
1070,1744376268413.260112,12640000
1071,1744376268428.305048,12884000
1072,1744376268441.468096,12796000
1073,1744376268454.510296,12669000
1074,1744376268467.824968,12561000
1075,1744376268481.024128,12624000
1076,1744376268498.897256,12675000
1077,1744376268514.591592,13193000
1078,1744376268527.742512,13158000
1079,1744376268540.670048,12626000
1080,1744376268555.710208,12504000
1081,1744376268568.862728,12718000
1082,1744376268581.870528,12600000
1083,1744376268594.863336,12548000
1084,1744376268609.152664,12486000
1085,1744376268627.184480,12824000
1086,1744376268641.519520,13387000
1087,1744376268654.635632,12738000
1088,1744376268668.864448,12587000
1089,1744376268683.902168,12732000
1090,1744376268697.136000,12990000
1091,1744376268710.095120,12705000
1092,1744376268725.137904,12522000
1093,1744376268741.103760,12983000
1094,1744376268758.465488,12915000
1095,1744376268771.660992,13300000
1096,1744376268784.638576,12663000
1097,1744376268797.714136,12509000
1098,1744376268811.586080,12566000
1099,1744376268826.399048,12725000
1100,1744376268839.566184,13112000
1101,1744376268852.511000,12677000
1102,1744376268868.351248,12486000
1103,1744376268885.853720,12921000
1104,1744376268899.119296,13203000
1105,1744376268912.109192,12650000
1106,1744376268925.137360,12543000
1107,1744376268938.043552,12511000
1108,1744376268952.351968,12476000
1109,1744376268966.496080,12693000
1110,1744376268979.726552,12873000
1111,1744376268995.761984,12686000
1112,1744376269011.310776,12898000
1113,1744376269027.052032,12979000
1114,1744376269041.232880,13141000
1115,1744376269054.286344,12841000
1116,1744376269067.406048,12578000
1117,1744376269082.606680,12563000
1118,1744376269095.743176,13019000
1119,1744376269110.610600,12637000
1120,1744376269127.008560,12848000
1121,1744376269142.145912,13255000
1122,1744376269155.453992,12911000
1123,1744376269168.445320,12714000
1124,1744376269181.549792,12485000
1125,1744376269194.493128,12595000
1126,1744376269209.696304,12514000
1127,1744376269222.908328,12821000
1128,1744376269240.496448,12669000
1129,1744376269253.999912,13303000
1130,1744376269269.200800,12622000
1131,1744376269282.269144,12925000
1132,1744376269295.362328,12581000
1133,1744376269308.375176,12612000
1134,1744376269321.503328,12539000
1135,1744376269336.686512,12606000
1136,1744376269352.239288,12927000
1137,1744376269369.521240,12831000
1138,1744376269382.635728,13103000
1139,1744376269397.983640,12625000
1140,1744376269411.099448,12953000
1141,1744376269424.127200,12619000
1142,1744376269437.165048,12562000
1143,1744376269450.417240,12550000
1144,1744376269465.537176,12594000
1145,1744376269482.514016,12943000
1146,1744376269496.654016,13123000
1147,1744376269509.803344,12877000
1148,1744376269525.185160,12636000
1149,1744376269538.270688,13001000
1150,1744376269551.406248,12622000
1151,1744376269565.254152,12621000
1152,1744376269580.432744,12600000
1153,1744376269596.561816,12915000
1154,1744376269611.905104,13154000
1155,1744376269625.183008,12915000
1156,1744376269639.298896,12724000
1157,1744376269653.821856,12751000
1158,1744376269666.991688,13066000
1159,1744376269681.873032,12643000
1160,1744376269695.022232,12857000
1161,1744376269711.888096,12646000
1162,1744376269728.350544,13135000
1163,1744376269741.466880,13164000
1164,1744376269754.415264,12624000
1165,1744376269769.583672,12487000
1166,1744376269782.718856,12881000
1167,1744376269795.727432,12663000
1168,1744376269808.847016,12513000
1169,1744376269821.838984,12578000
1170,1744376269839.390464,12531000
1171,1744376269855.253112,13327000
1172,1744376269868.331416,12953000
1173,1744376269881.392912,12592000
1174,1744376269896.527144,12522000
1175,1744376269909.758664,12907000
1176,1744376269922.846240,12684000
1177,1744376269935.773472,12540000
1178,1744376269949.280712,12496000
1179,1744376269967.153784,12583000
1180,1744376269983.713680,13195000
1181,1744376269997.425840,13154000
1182,1744376270010.411920,12816000
1183,1744376270025.791928,12544000
1184,1744376270038.990016,13070000
1185,1744376270052.000880,12677000
1186,1744376270065.088216,12556000
1187,1744376270079.745352,12574000
1188,1744376270097.791072,12802000
1189,1744376270111.696968,13400000
1190,1744376270124.847792,12699000
1191,1744376270137.804272,12627000
1192,1744376270153.184824,12537000
1193,1744376270166.301520,12979000
1194,1744376270179.408528,12611000
1195,1744376270192.284160,12583000
1196,1744376270207.680592,12443000
1197,1744376270225.777048,12845000
1198,1744376270239.085704,13456000
1199,1744376270252.080848,12687000
1200,1744376270265.134096,12534000
1201,1744376270278.337232,12533000
1202,1744376270293.457224,12519000
1203,1744376270306.622912,12978000
1204,1744376270321.425584,12687000
1205,1744376270337.375184,12761000
1206,1744376270354.650744,13032000
1207,1744376270367.835432,13175000
1208,1744376270380.874944,12622000
1209,1744376270393.759816,12481000
1210,1744376270406.926144,12462000
1211,1744376270420.160784,12581000
1212,1744376270435.324888,12568000
1213,1744376270448.430512,13051000
1214,1744376270465.909448,12640000
1215,1744376270480.333592,12926000
1216,1744376270495.597880,12844000
1217,1744376270508.734696,13001000
1218,1744376270521.854960,12662000
1219,1744376270534.864272,12596000
1220,1744376270548.879248,12508000
1221,1744376270563.135608,12613000
1222,1744376270578.048848,12864000
1223,1744376270594.239872,12883000
1224,1744376270607.566320,13164000
1225,1744376270623.024136,12766000
1226,1744376270638.110896,13018000
1227,1744376270651.372672,13127000
1228,1744376270664.368704,12717000
1229,1744376270679.518416,12562000
1230,1744376270693.421384,12817000
1231,1744376270710.526328,12758000
1232,1744376270723.708864,13083000
1233,1744376270737.778168,12631000
1234,1744376270752.270400,12696000
1235,1744376270765.435272,13030000
1236,1744376270778.400640,12644000
1237,1744376270791.422264,12511000
1238,1744376270806.670128,12533000
1239,1744376270823.037328,12952000
1240,1744376270837.793688,12915000
1241,1744376270850.972288,12941000
1242,1744376270865.566144,12665000
1243,1744376270879.502784,12740000
1244,1744376270892.557632,12868000
1245,1744376270905.626880,12602000
1246,1744376270918.655032,12522000
1247,1744376270932.144184,12566000
1248,1744376270950.176160,12582000
1249,1744376270967.135144,13435000
1250,1744376270980.288728,13090000
1251,1744376270993.376376,12635000
1252,1744376271006.383904,12589000
1253,1744376271020.657808,12536000
1254,1744376271034.957992,12699000
1255,1744376271047.995224,12861000
1256,1744376271061.055752,12576000
1257,1744376271077.214384,12571000
1258,1744376271094.318952,12738000
1259,1744376271107.614752,13329000
1260,1744376271120.702952,12723000
1261,1744376271133.776928,12632000
1262,1744376271146.719480,12561000
1263,1744376271161.232728,12500000
1264,1744376271175.488312,12814000
1265,1744376271188.478312,13011000
1266,1744376271206.289944,12546000
1267,1744376271220.094304,13259000
1268,1744376271235.151816,12726000
1269,1744376271248.256376,13018000
1270,1744376271261.295472,12648000
1271,1744376271276.033288,12554000
1272,1744376271291.296840,12722000
1273,1744376271304.430184,12980000
1274,1744376271321.070240,12635000
1275,1744376271335.456840,12972000
1276,1744376271350.655504,12742000
1277,1744376271364.720072,13000000
1278,1744376271377.901088,12824000
1279,1744376271390.927352,12632000
1280,1744376271404.030704,12534000
1281,1744376271419.345200,12544000
1282,1744376271434.126464,13020000
1283,1744376271450.494608,12787000
1284,1744376271463.598816,13199000
1285,1744376271478.846248,12611000
1286,1744376271491.935432,12816000
1287,1744376271505.073336,12637000
1288,1744376271518.123168,12591000
1289,1744376271531.694944,12588000
1290,1744376271547.025016,12672000
1291,1744376271564.592352,12946000
1292,1744376271578.305400,13452000
1293,1744376271592.829560,12757000
1294,1744376271608.414672,12889000
1295,1744376271621.548000,13154000
1296,1744376271634.589600,12605000
1297,1744376271647.758768,12582000
1298,1744376271662.975128,12631000
1299,1744376271680.287544,12993000
1300,1744376271693.884008,13041000
1301,1744376271707.054672,12687000
1302,1744376271721.438008,12622000
1303,1744376271735.601592,12758000
1304,1744376271748.652112,12931000
1305,1744376271761.678592,12579000
1306,1744376271774.719048,12526000
1307,1744376271791.166520,12552000
1308,1744376271807.902656,12863000
1309,1744376271821.037240,13096000
1310,1744376271833.950096,12613000
1311,1744376271848.928688,12476000
1312,1744376271862.333680,12842000
1313,1744376271875.483568,12751000
1314,1744376271888.397248,12609000
1315,1744376271903.217400,12480000
1316,1744376271920.527192,12731000
1317,1744376271936.463464,13174000
1318,1744376271949.643400,12916000
1319,1744376271962.605256,12660000
1320,1744376271975.744976,12525000
1321,1744376271990.222808,12570000
1322,1744376272004.126240,12697000
1323,1744376272017.280136,12854000
1324,1744376272030.205440,12608000
1325,1744376272046.511592,12494000
1326,1744376272063.581696,12775000
1327,1744376272076.847392,13403000
1328,1744376272089.757072,12694000
1329,1744376272102.811576,12477000
1330,1744376272115.766496,12510000
1331,1744376272129.984704,12502000
1332,1744376272144.272096,12820000
1333,1744376272157.489352,12892000
1334,1744376272174.705224,12673000
1335,1744376272188.812328,13221000
1336,1744376272204.400808,12798000
1337,1744376272219.185312,12995000
1338,1744376272232.320416,12955000
1339,1744376272245.376824,12607000
1340,1744376272261.231544,12571000
1341,1744376272274.511776,13001000
1342,1744376272290.478536,12660000
1343,1744376272305.376448,12832000
1344,1744376272320.594064,12807000
1345,1744376272333.808408,13031000
1346,1744376272346.829592,12675000
1347,1744376272359.872320,12531000
1348,1744376272372.975240,12596000
1349,1744376272388.193688,12595000
1350,1744376272402.642096,12985000
1351,1744376272419.344920,12768000
1352,1744376272432.396080,13056000
1353,1744376272447.505832,12610000
1354,1744376272460.635632,12834000
1355,1744376272473.805512,12660000
1356,1744376272486.827168,12606000
1357,1744376272499.775552,12532000
1358,1744376272514.828904,12486000
1359,1744376272532.433832,12696000
1360,1744376272548.030624,13288000
1361,1744376272561.153168,13063000
1362,1744376272576.382352,12634000
1363,1744376272589.503944,13044000
1364,1744376272602.493768,12630000
1365,1744376272615.566504,12497000
1366,1744376272630.163928,12589000
1367,1744376272644.862592,12743000
1368,1744376272662.014672,12967000
1369,1744376272675.214008,13097000
1370,1744376272688.160048,12636000
1371,1744376272703.599504,12509000
1372,1744376272716.703768,13066000
1373,1744376272729.853704,12658000
1374,1744376272742.895328,12578000
1375,1744376272757.936056,12553000
1376,1744376272774.287384,12772000
1377,1744376272789.392072,13168000
1378,1744376272802.493440,13086000
1379,1744376272816.611016,12628000
1380,1744376272831.054104,12756000
1381,1744376272844.560200,12874000
1382,1744376272859.134856,12649000
1383,1744376272872.173352,12893000
1384,1744376272889.982712,12558000
1385,1744376272905.377192,13317000
1386,1744376272918.427264,12898000
1387,1744376272931.457168,12523000
1388,1744376272946.335800,12551000
1389,1744376272959.534064,12656000
1390,1744376272972.560720,12672000
1391,1744376272985.696616,12549000
1392,1744376272999.213112,12607000
1393,1744376273016.688616,12509000
1394,1744376273032.159080,13097000
1395,1744376273045.255024,13032000
1396,1744376273058.175624,12597000
1397,1744376273073.456528,12471000
1398,1744376273086.559200,12995000
1399,1744376273099.776672,12657000
1400,1744376273112.721552,12675000
1401,1744376273127.133712,12525000
1402,1744376273144.944512,12706000
1403,1744376273160.112864,13406000
1404,1744376273174.848272,12927000
1405,1744376273189.519792,12953000
1406,1744376273203.918304,12875000
1407,1744376273217.051888,12910000
1408,1744376273230.095504,12597000
1409,1744376273243.118800,12549000
1410,1744376273259.150488,12548000
1411,1744376273276.206384,12760000
1412,1744376273289.372072,13250000
1413,1744376273302.368288,12667000
1414,1744376273317.617544,12524000
1415,1744376273330.718008,12918000
1416,1744376273343.758952,12640000
1417,1744376273356.671328,12535000
1418,1744376273369.661392,12459000
1419,1744376273386.894288,12456000
1420,1744376273403.039344,13255000
1421,1744376273416.027920,12926000
1422,1744376273429.086840,12541000
1423,1744376273444.111552,12533000
1424,1744376273457.392088,12844000
1425,1744376273470.641704,12755000
1426,1744376273484.352152,12586000
1427,1744376273499.440552,12702000
1428,1744376273517.343088,13020000
1429,1744376273532.462552,13218000
1430,1744376273545.579008,13020000
1431,1744376273558.527376,12628000
1432,1744376273573.985392,12495000
1433,1744376273587.180848,13136000
1434,1744376273600.302472,12697000
1435,1744376273613.391680,12638000
1436,1744376273628.448928,12604000
1437,1744376273646.351824,12717000
1438,1744376273659.791192,13355000
1439,1744376273672.879592,12771000
1440,1744376273687.313008,12545000
1441,1744376273701.518144,12770000
1442,1744376273714.574296,12976000
1443,1744376273727.658800,12614000
1444,1744376273740.638504,12535000
1445,1744376273756.563144,12541000
1446,1744376273773.934176,12921000
1447,1744376273787.101704,13164000
1448,1744376273801.838416,12641000
1449,1744376273817.150968,12749000
1450,1744376273830.171384,12966000
1451,1744376273843.232520,12564000
1452,1744376273856.123568,12579000
1453,1744376273869.150240,12428000
1454,1744376273886.878176,12515000
1455,1744376273902.630360,13269000
1456,1744376273915.725128,12967000
1457,1744376273928.624856,12608000
1458,1744376273943.761384,12424000
1459,1744376273957.023488,12888000
1460,1744376273970.077936,12730000
1461,1744376273983.184696,12553000
1462,1744376273996.157720,12574000
1463,1744376274014.207296,12512000
1464,1744376274029.536776,13244000
1465,1744376274042.605928,12864000
1466,1744376274055.663912,12629000
1467,1744376274071.536792,12546000
1468,1744376274084.669984,12927000
1469,1744376274097.835576,12661000
1470,1744376274112.526656,12616000
1471,1744376274127.312016,12732000
1472,1744376274144.976616,12816000
1473,1744376274159.150552,13242000
1474,1744376274172.222160,12761000
1475,1744376274185.899912,12594000
1476,1744376274200.912096,12704000
1477,1744376274213.918560,13102000
1478,1744376274227.087520,12558000
1479,1744376274240.065264,12572000
1480,1744376274255.442416,12531000
1481,1744376274273.038312,12837000
1482,1744376274286.464336,13216000
1483,1744376274299.566960,12730000
1484,1744376274313.899760,12571000
1485,1744376274328.127592,12742000
1486,1744376274341.254480,12920000
1487,1744376274354.206896,12643000
1488,1744376274367.251688,12493000
1489,1744376274383.039904,12518000
1490,1744376274400.656000,12970000
1491,1744376274413.775144,13338000
1492,1744376274428.544720,12587000
1493,1744376274443.922328,12792000
1494,1744376274457.167680,13109000
1495,1744376274470.207592,12709000
1496,1744376274483.277592,12561000
1497,1744376274496.174416,12541000
1498,1744376274513.969816,12440000
1499,1744376274529.633448,13125000
1500,1744376274542.704032,13003000
1501,1744376274555.714616,12634000
1502,1744376274570.911280,12493000
1503,1744376274583.953232,12888000
1504,1744376274597.052144,12578000
1505,1744376274610.108008,12569000
1506,1744376274623.254272,12592000
1507,1744376274641.551304,12630000
1508,1744376274656.827016,13411000
1509,1744376274669.871496,12880000
1510,1744376274682.975736,12571000
1511,1744376274695.872184,12597000
1512,1744376274711.089840,12469000
1513,1744376274724.220296,12902000
1514,1744376274739.072400,12608000
1515,1744376274752.655896,12849000
1516,1744376274770.096256,12689000
1517,1744376274785.807976,13050000
1518,1744376274799.022544,13168000
1519,1744376274811.950696,12687000
1520,1744376274825.087064,12488000
1521,1744376274838.031376,12598000
1522,1744376274853.342576,12492000
1523,1744376274866.463112,13025000
1524,1744376274879.503544,12650000
1525,1744376274897.424944,12526000
1526,1744376274912.609712,13412000
1527,1744376274925.851560,12875000
1528,1744376274938.864008,12668000
1529,1744376274951.823624,12514000
1530,1744376274965.823336,12518000
1531,1744376274981.252464,12781000
1532,1744376274994.287464,13020000
1533,1744376275010.335920,12591000
1534,1744376275025.201464,12880000
1535,1744376275040.287016,12841000
1536,1744376275055.216936,12828000
1537,1744376275068.320744,12933000
1538,1744376275081.408864,12625000
1539,1744376275096.050120,12583000
1540,1744376275110.002000,12811000
1541,1744376275125.022960,12986000
1542,1744376275140.942520,12728000
1543,1744376275154.577840,13018000
1544,1744376275169.553520,12708000
1545,1744376275182.635888,12997000
1546,1744376275195.724784,12618000
1547,1744376275208.843464,12612000
1548,1744376275224.014984,12587000
1549,1744376275237.697232,12898000
1550,1744376275255.279256,12691000
1551,1744376275268.358960,13414000
1552,1744376275283.457216,12597000
1553,1744376275296.574976,12838000
1554,1744376275309.759608,12632000
1555,1744376275322.826848,12687000
1556,1744376275335.740000,12545000
1557,1744376275350.832416,12490000
1558,1744376275367.807304,12774000
1559,1744376275383.665144,13074000
1560,1744376275396.939928,12966000
1561,1744376275412.222768,12715000
1562,1744376275425.435192,12975000
1563,1744376275438.395792,12682000
1564,1744376275451.521072,12535000
1565,1744376275465.662736,12569000
1566,1744376275480.863216,12782000
1567,1744376275498.095152,13027000
1568,1744376275511.297160,13325000
1569,1744376275524.302080,12710000
1570,1744376275537.357560,12538000
1571,1744376275552.528288,12517000
1572,1744376275565.692528,12915000
1573,1744376275578.720104,12648000
1574,1744376275591.742784,12579000
1575,1744376275607.774136,12536000
1576,1744376275625.376240,13037000
1577,1744376275638.427608,13237000
1578,1744376275651.581576,12593000
1579,1744376275664.541296,12585000
1580,1744376275677.695648,12529000
1581,1744376275694.449680,12608000
1582,1744376275707.729312,13192000
1583,1744376275720.878688,12707000
1584,1744376275736.721984,12636000
1585,1744376275751.678312,12731000
1586,1744376275767.061280,12891000
1587,1744376275780.192016,13078000
1588,1744376275793.251176,12650000
1589,1744376275806.287664,12578000
1590,1744376275819.344144,12550000
1591,1744376275832.301304,12536000
1592,1744376275849.089520,12522000
1593,1744376275866.432904,13070000
1594,1744376275879.613344,13314000
1595,1744376275892.558048,12642000
1596,1744376275905.638872,12505000
1597,1744376275920.993400,12531000
1598,1744376275934.075688,12974000
1599,1744376275947.071784,12624000
1600,1744376275960.048776,12511000
1601,1744376275976.465296,12508000
1602,1744376275993.424912,13050000
1603,1744376276007.254504,13002000
1604,1744376276021.821984,12830000
1605,1744376276034.925456,12975000
1606,1744376276047.920840,12612000
1607,1744376276063.086984,12524000
1608,1744376276076.204000,12891000
1609,1744376276089.232280,12593000
1610,1744376276102.223504,12551000
1611,1744376276115.198496,12512000
1612,1744376276128.079880,12486000
1613,1744376276143.169568,12408000
1614,1744376276156.304112,12857000
1615,1744376276169.370824,12630000
1616,1744376276182.285296,12544000
1617,1744376276196.577048,12443000
1618,1744376276210.722024,12737000
1619,1744376276223.901416,12905000
1620,1744376276237.040624,12613000
1621,1744376276250.016272,12611000
1622,1744376276265.328360,12492000
1623,1744376276278.461496,12915000
1624,1744376276291.487448,12653000
1625,1744376276304.479760,12512000
1626,1744376276318.335984,12523000
